{
"006.mrc!main": [1635420866.566238, "4096 x 4096", "Image", 1, 67109888], 
"037.mrc!main": [1637518289.523585, "4096 x 4096", "Image", 1, 67109888], 
"KLTpicker_start.m!main": [1635420866.590202, "111 ln", "Text", "-", 3390]
}